ID,Type,SKU,"GTIN, UPC, EAN, or ISBN",Name,Published,"Is featured?","Visibility in catalog","Short description",Description,"Date sale price starts","Date sale price ends","Tax status","Tax class","In stock?",Stock,"Low stock amount","Backorders allowed?","Sold individually?","Weight (kg)","Length (cm)","Width (cm)","Height (cm)","Allow customer reviews?","Purchase note","Sale price","Regular price",Categories,Tags,"Shipping class",Images,"Download limit","Download expiry days",Parent,"Grouped products",Upsells,Cross-sells,"External URL","Button text",Position,"Fixed Tiered Prices",Brands
1,external,AMPHENOL-CIRC-MIL,,"Circular MIL-Spec Connectors",1,1,visible,"Amphenol circular MIL-spec connectors (MIL-DTL-38999, MIL-DTL-26482, SheerPwr) for defence, aerospace, marine and harsh environment applications.","Amphenol circular MIL-spec connectors (MIL-DTL-38999, MIL-DTL-26482, SheerPwr) for defence, aerospace, marine and harsh environment applications. Highlights: MIL-DTL-38999 Series I, II, III and MIL-DTL-26482 series; Harsh environment rated with EMI/RFI shielding; Multiple shell sizes, plating options, and contact arrangements.",,,,taxable,,1,100,,0,0,,,,,1,,,,,"Electronics Components > Amphenol — Connectors","Amphenol, Electronics Components, Defense, Telecommunications, Railways",,,,,,,,https://www.amphenol-cs.com/product-series/sheerpwr-circular.html,"View on Amphenol",0,,Amphenol
2,external,AMPHENOL-IND-CIRC,,"Industrial Circular Connectors (M12 / M8 / SPE)",1,1,visible,"Amphenol industrial circular connectors — robust, reliable connectivity for factory automation, robotics, sensor networks, and Single Pair Ethernet.","Amphenol industrial circular connectors — robust, reliable connectivity for factory automation, robotics, sensor networks, and Single Pair Ethernet. Highlights: IP67/IP68 submersible rated options; M12, M8, M23 and Single Pair Ethernet configurations; Screw, bayonet, and push-pull rapid locking mechanisms.",,,,taxable,,1,100,,0,0,,,,,1,,,,,"Electronics Components > Amphenol — Connectors","Amphenol, Electronics Components, Industrial Automation, Power & Energy, EV Charging",,,,,,,,https://www.amphenol-cs.com/product-series/single-pair-ethernet-ip67.html,"View on Amphenol",0,,Amphenol
3,external,AMPHENOL-DSUB,,"D-Subminiature Connectors",1,0,visible,"Amphenol D-subminiature connectors for data, signal and mixed-layout power applications. Available in standard, high-density, combo-D and filtered variants.","Amphenol D-subminiature connectors for data, signal and mixed-layout power applications. Available in standard, high-density, combo-D and filtered variants. Highlights: Standard (9 to 50 pin) and high-density (15 to 78 pin) layouts; Solder cup, crimp, and PCB mount terminations; Integrated EMI/RFI filtered and IP67 waterproof options.",,,,taxable,,1,100,,0,0,,,,,1,,,,,"Electronics Components > Amphenol — Connectors","Amphenol, Electronics Components, Telecommunications, Industrial Automation, Defense",,,,,,,,https://www.amphenol-cs.com/connectors/d-sub.html,"View on Amphenol",0,,Amphenol
4,external,AMPHENOL-PCB,,"High-Speed Backplane & Mezzanine PCB Connectors",1,0,visible,"Amphenol industry-leading high-speed backplane (Paladin, ExaMAX, XCede) and board-to-board mezzanine connectors delivering speeds up to 112Gb/s PAM4.","Amphenol industry-leading high-speed backplane (Paladin, ExaMAX, XCede) and board-to-board mezzanine connectors delivering speeds up to 112Gb/s PAM4. Highlights: High-speed differential pairs supporting 56Gb/s to 112Gb/s PAM4; Paladin, ExaMAX, and XCede backplane architectures; Zero-skew architecture and lowest crosstalk in class.",,,,taxable,,1,100,,0,0,,,,,1,,,,,"Electronics Components > Amphenol — Connectors","Amphenol, Electronics Components, Consumer Electronics, Telecommunications, Industrial Automation",,,,,,,,https://www.amphenol-cs.com/product-series/paladin.html,"View on Amphenol",0,,Amphenol
5,external,AMPHENOL-RADSOK,,"Heavy Duty RADSOK Power Connectors",1,1,visible,"Amphenol proprietary RADSOK contact technology delivering up to 50% higher ampacity in smaller footprints with lowest contact resistance for heavy industrial power.","Amphenol proprietary RADSOK contact technology delivering up to 50% higher ampacity in smaller footprints with lowest contact resistance for heavy industrial power. Highlights: Patented hyperbolic grid contact geometry; High current capacity from 35A up to 1000A continuous; Low insertion force and ultra-low millivolt drop.",,,,taxable,,1,100,,0,0,,,,,1,,,,,"Electronics Components > Amphenol — Connectors","Amphenol, Electronics Components, Power & Energy, EV Charging, Railways, Defense",,,,,,,,https://www.amphenol-industrial.com/radsok/,"View on Amphenol",0,,Amphenol
6,external,AMPHENOL-RUG-MOD,,"Rugged Harsh-Environment USB & RJ45 Modular Jacks",1,0,visible,"Amphenol sealed USB, HDMI, and RJ45 modular jacks engineered with IP67/IP68 die-cast housings for field communication and extreme environment terminals.","Amphenol sealed USB, HDMI, and RJ45 modular jacks engineered with IP67/IP68 die-cast housings for field communication and extreme environment terminals. Highlights: IP67 / IP68 die-cast zinc and polymer sealed shells; Rugged USB Type-A, Type-C, and Cat6A RJ45 configurations; Positive locking latching and bayonet coupling.",,,,taxable,,1,100,,0,0,,,,,1,,,,,"Electronics Components > Amphenol — Connectors","Amphenol, Electronics Components, Defense, Telecommunications, Industrial Automation",,,,,,,,https://www.amphenol-cs.com/product-series/musb-musbr.html,"View on Amphenol",0,,Amphenol
7,external,AMPHENOL-GNSS-ANT,,"High Precision GNSS Antennas",1,1,visible,"Amphenol active multi-band GNSS antennas supporting GPS, GLONASS, Galileo, and BeiDou for sub-meter navigation, asset tracking, and timing.","Amphenol active multi-band GNSS antennas supporting GPS, GLONASS, Galileo, and BeiDou for sub-meter navigation, asset tracking, and timing. Highlights: Multi-band GNSS (L1/L2/L5/E1/E5b) support; High-gain integrated low noise amplifier (LNA); IP67 waterproof and UV-resistant radomes.",,,,taxable,,1,100,,0,0,,,,,1,,,,,"Electronics Components > Amphenol — Antennas","Amphenol, Electronics Components, Telecommunications, Railways, Automotive, Defense",,,,,,,,https://www.amphenol-cs.com/product-series/gnss.html,"View on Amphenol",0,,Amphenol
8,external,AMPHENOL-CELL-ANT,,"5G & 4G LTE Cellular Wideband Antennas",1,1,visible,"Amphenol 4G LTE and 5G wideband cellular antennas for IoT gateways, smart meters, industrial routers, telematics kiosks, and base stations.","Amphenol 4G LTE and 5G wideband cellular antennas for IoT gateways, smart meters, industrial routers, telematics kiosks, and base stations. Highlights: Ultra-wideband 600 MHz to 6 GHz sub-6GHz coverage; Low-profile vandal-proof puck, blade, and panel styles; High efficiency and omnidirectional radiation pattern.",,,,taxable,,1,100,,0,0,,,,,1,,,,,"Electronics Components > Amphenol — Antennas","Amphenol, Electronics Components, Telecommunications, EV Charging, Industrial Automation",,,,,,,,https://www.amphenol-cs.com/product-series/cellular.html,"View on Amphenol",0,,Amphenol
9,external,Amphenol-WIFI-6E,,"Wi-Fi 6E & Bluetooth Dual-Band Antennas",1,0,visible,"Amphenol high-performance Wi-Fi 6E (2.4GHz, 5GHz, 6GHz) and Bluetooth articulated rubber-duck dipole and terminal antennas for wireless routers and APs.","Amphenol high-performance Wi-Fi 6E (2.4GHz, 5GHz, 6GHz) and Bluetooth articulated rubber-duck dipole and terminal antennas for wireless routers and APs. Highlights: Tri-band Wi-Fi 6E support (2.4 GHz / 5 GHz / 6 GHz); Articulated 90° tilt and 360° swivel knuckle; SMA and RP-SMA connector interfaces.",,,,taxable,,1,100,,0,0,,,,,1,,,,,"Electronics Components > Amphenol — Antennas","Amphenol, Electronics Components, Consumer Electronics, Industrial Automation, Telecommunications",,,,,,,,https://www.amphenol-cs.com/product-series/wi-fi-bluetooth.html,"View on Amphenol",0,,Amphenol
10,external,AMPHENOL-FPC-ANT,,"Internal Embedded Flexible FPC Antennas",1,0,visible,"Ultra-thin flexible peel-and-stick FPC antennas with IPEX micro coaxial leads for compact IoT devices, wearable medical equipment, and smart meters.","Ultra-thin flexible peel-and-stick FPC antennas with IPEX micro coaxial leads for compact IoT devices, wearable medical equipment, and smart meters. Highlights: NB-IoT / LoRa / LTE-M / ISM 868/915 MHz frequency options; 3M industrial peel-and-stick adhesive backing; Miniature IPEX MHF / U.FL micro-coaxial cable assemblies.",,,,taxable,,1,100,,0,0,,,,,1,,,,,"Electronics Components > Amphenol — Antennas","Amphenol, Electronics Components, Consumer Electronics, Industrial Automation, Telecommunications",,,,,,,,https://www.amphenol-cs.com/product-series/embedded-antenna.html,"View on Amphenol",0,,Amphenol
11,external,AMPHENOL-TEL-COMBO,,"Vehicle Telematics Multi-in-One Combo Antennas",1,0,visible,"Amphenol rugged roof-mount multi-function shark-fin and dome combo antennas integrating 5G/LTE, Wi-Fi MIMO, and GNSS in a single aerodynamic housing.","Amphenol rugged roof-mount multi-function shark-fin and dome combo antennas integrating 5G/LTE, Wi-Fi MIMO, and GNSS in a single aerodynamic housing. Highlights: Integrated 5G/4G + Wi-Fi MIMO + GNSS in one package; IP69K high-pressure wash and vandal resistant; Color-coded low-loss RG58 and LMR195 cable tails.",,,,taxable,,1,100,,0,0,,,,,1,,,,,"Electronics Components > Amphenol — Antennas","Amphenol, Electronics Components, Automotive, Railways, Defense, Telecommunications",,,,,,,,https://www.amphenol-cs.com/product-series/telematics.html,"View on Amphenol",0,,Amphenol
12,external,AMPHENOL-RF-CONN,,"Precision RF Coaxial Connectors (SMA / BNC / N / TNC)",1,1,visible,"Amphenol RF coaxial connectors — SMA, SMB, BNC, N-Type, TNC, and 7/16 DIN precision engineered for high-frequency signal integrity and test racks.","Amphenol RF coaxial connectors — SMA, SMB, BNC, N-Type, TNC, and 7/16 DIN precision engineered for high-frequency signal integrity and test racks. Highlights: 50Ω and 75Ω impedance matched options; DC to 18GHz / 26.5GHz / 40GHz operating range; Gold-plated beryllium copper contacts and PTFE dielectrics.",,,,taxable,,1,100,,0,0,,,,,1,,,,,"Electronics Components > Amphenol — RF & Coaxial","Amphenol, Electronics Components, Telecommunications, Defense, Automotive",,,,,,,,https://www.amphenol-cs.com/product-series/filter-rf-bnc.html,"View on Amphenol",0,,Amphenol
13,external,AMPHENOL-RF-CABLE,,"Tested Precision RF Coaxial Cable Assemblies",1,0,visible,"Amphenol precision RF cable assemblies featuring low-loss micro-coax cables, 100% factory verified VSWR and phase-matching for telecom and test labs.","Amphenol precision RF cable assemblies featuring low-loss micro-coax cables, 100% factory verified VSWR and phase-matching for telecom and test labs. Highlights: Low-loss double shielded and ultra-flexible cable types; Phase-matched pairs and custom length builds; 100% factory network analyzer tested for VSWR and insertion loss.",,,,taxable,,1,100,,0,0,,,,,1,,,,,"Electronics Components > Amphenol — RF & Coaxial","Amphenol, Electronics Components, Telecommunications, Defense",,,,,,,,https://www.amphenol-cs.com/catalogsearch/result?query=coaxial,"View on Amphenol",0,,Amphenol
14,external,AMPHENOL-MICRO-RF,,"Micro-Miniature RF Connectors (MCX / MMCX / AMC)",1,0,visible,"Amphenol ultra-miniature coaxial connectors (MCX, MMCX, AMC/IPEX) designed for high-density space-constrained mobile, GPS, and IoT circuitry.","Amphenol ultra-miniature coaxial connectors (MCX, MMCX, AMC/IPEX) designed for high-density space-constrained mobile, GPS, and IoT circuitry. Highlights: Snap-on coupling for fast, secure mating; 30% smaller footprint than traditional subminiature interfaces; Supports frequencies from DC to 6GHz.",,,,taxable,,1,100,,0,0,,,,,1,,,,,"Electronics Components > Amphenol — RF & Coaxial","Amphenol, Electronics Components, Consumer Electronics, Telecommunications, Automotive",,,,,,,,https://www.amphenol-cs.com/product-series/micro-coaxial.html,"View on Amphenol",0,,Amphenol
15,external,AMPHENOL-FO-CONN,,"Fiber Optic Connectors & Optical Patch Cords",1,0,visible,"Amphenol LC, SC, ST, and MTP/MPO multi-fiber optical connectors, adapters, and duplex patch cords for data center and telecom infrastructure.","Amphenol LC, SC, ST, and MTP/MPO multi-fiber optical connectors, adapters, and duplex patch cords for data center and telecom infrastructure. Highlights: LC, SC, ST, and high-density MTP/MPO 12/24 fiber formats; Single-mode (OS2) and multi-mode (OM3/OM4/OM5) assemblies; Ultra-low insertion loss (UPC and APC end-face finishes).",,,,taxable,,1,100,,0,0,,,,,1,,,,,"Electronics Components > Amphenol — Fiber Optic","Amphenol, Electronics Components, Telecommunications, Power & Energy",,,,,,,,https://www.amphenol-cs.com/fiber-optics.html,"View on Amphenol",0,,Amphenol
16,external,AMPHENOL-TAC-FO,,"Harsh-Environment Tactical Military Fiber Solutions",1,0,visible,"Amphenol TFOCA-II, TACBeam, and expanded-beam optical connectors engineered for deployable field military communications, offshore and mining.","Amphenol TFOCA-II, TACBeam, and expanded-beam optical connectors engineered for deployable field military communications, offshore and mining. Highlights: Hermaphroditic coupling allows daisy-chaining without adapters; Expanded beam lens technology resistant to dirt and dust contamination; Crush-resistant armored tactical breakout cables.",,,,taxable,,1,100,,0,0,,,,,1,,,,,"Electronics Components > Amphenol — Fiber Optic","Amphenol, Electronics Components, Defense, Power & Energy, Telecommunications",,,,,,,,https://www.amphenol-cs.com/fiber-optics.html,"View on Amphenol",0,,Amphenol
17,external,AMPHENOL-EV-HVSL,,"EV High-Voltage Interconnects (HVSL / Excel|Mate)",1,1,visible,"Amphenol specialized high-voltage sealed power connectors (HVSL, Excel|Mate, SurLok Plus) engineered for electric vehicle powertrains, battery packs, and DC fast chargers.","Amphenol specialized high-voltage sealed power connectors (HVSL, Excel|Mate, SurLok Plus) engineered for electric vehicle powertrains, battery packs, and DC fast chargers. Highlights: Integrated High Voltage Interlock Loop (HVIL) safety circuit; Rated up to 1000V DC and 300A continuous per pin; IP67 / IP6K9K ingress protection in mated condition.",,,,taxable,,1,100,,0,0,,,,,1,,,,,"Electronics Components > Amphenol — EV & Industrial Power","Amphenol, Electronics Components, EV Charging, Automotive, Power & Energy",,,,,,,,https://www.amphenol-industrial.com/hvsl/,"View on Amphenol",0,,Amphenol
18,external,ZOLEX-LUG-CU-01,,"Copper Tube Crimping Lugs (Inspection Window)",1,1,visible,"Zolex standard series single-hole copper tube crimping lugs with inspection window, manufactured from 99.9% pure ETP copper with electro-tin plating.","Zolex standard series single-hole copper tube crimping lugs with inspection window, manufactured from 99.9% pure ETP copper with electro-tin plating. Highlights: 99.9% pure electrolytic high-conductivity copper; Inspection window to verify cable insertion depth; Uniform electro-tin plated for corrosion protection.",,,,taxable,,1,100,,0,0,,,,,1,,,,,"Electronics Components > Zolex — Copper Lugs & Links","Zolex, Electronics Components, Power & Energy, Industrial Automation, Railways, EV Charging",,,,,,,,https://zolex.in/product/copper-tube-crimping-lugs-one-hole-standard-series-with-inspection-window/,"View on Zolex",0,,Zolex
19,external,ZOLEX-LUG-CU-HD,,"Heavy Duty Long Barrel Copper Tube Lugs",1,0,visible,"Engineered with heavier wall thickness and longer barrels for maximum pull-out strength in vibration-prone industrial motors, generators and transformers.","Engineered with heavier wall thickness and longer barrels for maximum pull-out strength in vibration-prone industrial motors, generators and transformers. Highlights: Heavy wall construction for high current density; Extended barrel length for secure double crimp; Rated from 600V up to 33kV.",,,,taxable,,1,100,,0,0,,,,,1,,,,,"Electronics Components > Zolex — Copper Lugs & Links","Zolex, Electronics Components, Power & Energy, Railways, Industrial Automation",,,,,,,,https://zolex.in/product/copper-tube-crimping-lugs-one-hole-heavy-duty/,"View on Zolex",0,,Zolex
20,external,ZOLEX-LUG-CU-2H,,"Two-Hole & Multi-Stud Anti-Rotation Copper Lugs",1,0,visible,"Anti-rotation dual and multi-stud fixing lugs designed to prevent terminal loosening in high-vibration switchboards, busbars, and generator terminations.","Anti-rotation dual and multi-stud fixing lugs designed to prevent terminal loosening in high-vibration switchboards, busbars, and generator terminations. Highlights: Dual stud fixing prevents terminal twist and loosening; Standard and custom stud center spacing; Electro-tin plated for long-term corrosion resistance.",,,,taxable,,1,100,,0,0,,,,,1,,,,,"Electronics Components > Zolex — Copper Lugs & Links","Zolex, Electronics Components, Power & Energy, Industrial Automation, Telecommunications",,,,,,,,https://zolex.in/product/copper-tube-crimping-lugs-two-hole/,"View on Zolex",0,,Zolex
21,external,ZOLEX-LUG-NARROW,,"Narrow Palm Circuit Breaker Copper Lugs",1,0,visible,"Specially designed narrow-width palm copper lugs engineered to fit into compact molded case circuit breaker (MCCB) and switchgear terminal recesses.","Specially designed narrow-width palm copper lugs engineered to fit into compact molded case circuit breaker (MCCB) and switchgear terminal recesses. Highlights: Slim profile palm fits standard MCCB terminal spacing; Full barrel diameter maintained for full conductor cross-section; Electro-tinned ETP copper construction.",,,,taxable,,1,100,,0,0,,,,,1,,,,,"Electronics Components > Zolex — Copper Lugs & Links","Zolex, Electronics Components, Power & Energy, Industrial Automation",,,,,,,,https://zolex.in/product/copper-tube-crimping-lugs-one-hole-standard-series-with-inspection-window/,"View on Zolex",0,,Zolex
22,external,ZOLEX-LUG-ANGLE,,"90° & 45° Angled Copper Tube Lugs",1,0,visible,"Factory pre-formed 90-degree and 45-degree angled palm copper lugs for tight switchgear enclosures and compact motor terminal boxes without cable bend stress.","Factory pre-formed 90-degree and 45-degree angled palm copper lugs for tight switchgear enclosures and compact motor terminal boxes without cable bend stress. Highlights: Precision forged angle eliminates on-site bending stress; Seamless electrolytic copper tube; Standard stud hole sizes available.",,,,taxable,,1,100,,0,0,,,,,1,,,,,"Electronics Components > Zolex — Copper Lugs & Links","Zolex, Electronics Components, Power & Energy, Industrial Automation, Railways",,,,,,,,https://zolex.in/product/copper-tube-crimping-lugs-one-hole-standard-series-with-inspection-window/,"View on Zolex",0,,Zolex
23,external,ZOLEX-LINK-CU-BUTT,,"Copper Through Connectors & Butt Links",1,0,visible,"Solid drawn copper inline ferrules and reducing links for permanent, low-resistance inline butt-splicing of stranded copper cables.","Solid drawn copper inline ferrules and reducing links for permanent, low-resistance inline butt-splicing of stranded copper cables. Highlights: Internal wire stop ensures equal conductor insertion; Seamless drawn tube for maximum mechanical tensile strength; Standard and reducing sizes available.",,,,taxable,,1,100,,0,0,,,,,1,,,,,"Electronics Components > Zolex — Copper Lugs & Links","Zolex, Electronics Components, Power & Energy, Railways, Telecommunications",,,,,,,,https://zolex.in/product/copper-tube-crimping-through-connectors/,"View on Zolex",0,,Zolex
24,external,ZOLEX-TERM-RING,,"Insulated Ring Tongue Crimp Terminals",1,1,visible,"Zolex color-coded vinyl and nylon insulated ring crimp terminals for high-vibration control panel and switchgear wiring.","Zolex color-coded vinyl and nylon insulated ring crimp terminals for high-vibration control panel and switchgear wiring. Highlights: Brazed seam barrel prevents splitting under crimping; Funnel wire entry for swift conductor insertion; Color-coded (Red, Blue, Yellow) per wire gauge.",,,,taxable,,1,100,,0,0,,,,,1,,,,,"Electronics Components > Zolex — Crimp Terminals","Zolex, Electronics Components, Industrial Automation, Telecommunications, Consumer Electronics",,,,,,,,https://zolex.in/product/insulated-ring-type-terminals/,"View on Zolex",0,,Zolex
25,external,ZOLEX-NONINS-RING,,"Non-Insulated Heavy Duty Ring Terminals",1,0,visible,"High-temperature uninsulated electrolytic copper ring tongue terminals for heavy industrial machinery, ovens, and automotive grounding.","High-temperature uninsulated electrolytic copper ring tongue terminals for heavy industrial machinery, ovens, and automotive grounding. Highlights: High temperature capability for extreme heat environments; Brazed seam barrel ensures 360-degree crimp integrity; Electro-tin plated for atmospheric protection.",,,,taxable,,1,100,,0,0,,,,,1,,,,,"Electronics Components > Zolex — Crimp Terminals","Zolex, Electronics Components, Industrial Automation, Power & Energy, Automotive",,,,,,,,https://zolex.in/product/insulated-ring-type-terminals/,"View on Zolex",0,,Zolex
26,external,ZOLEX-TERM-FORK,,"Insulated Fork / Spade Terminals",1,0,visible,"Flanged and locking spade terminals allowing rapid disconnection and connection without completely removing mounting screws in terminal blocks.","Flanged and locking spade terminals allowing rapid disconnection and connection without completely removing mounting screws in terminal blocks. Highlights: Rapid slide-in installation under screw heads; Brazed seam barrel with funnel entry insulation; DIN and JIS compatible mounting formats.",,,,taxable,,1,100,,0,0,,,,,1,,,,,"Electronics Components > Zolex — Crimp Terminals","Zolex, Electronics Components, Industrial Automation, Consumer Electronics",,,,,,,,https://zolex.in/product/insulated-fork-type-terminals/,"View on Zolex",0,,Zolex
27,external,ZOLEX-TERM-PIN,,"Insulated Pin & Blade Terminals",1,0,visible,"Solid copper round pin and flat blade terminals for inserting stranded wire directly into European-style compression terminal blocks.","Solid copper round pin and flat blade terminals for inserting stranded wire directly into European-style compression terminal blocks. Highlights: Solid round pin and flat blade configurations; Prevents conductor strand damage during screw clamping; Vibration-resistant crimped retention.",,,,taxable,,1,100,,0,0,,,,,1,,,,,"Electronics Components > Zolex — Crimp Terminals","Zolex, Electronics Components, Industrial Automation, Power & Energy",,,,,,,,https://zolex.in/product/insulated-pin-type-terminals/,"View on Zolex",0,,Zolex
28,external,ZOLEX-FERRULE-SLEEVE,,"Cord End Sleeves (Bootlace Ferrules)",1,0,visible,"French and German DIN color-coded insulated single wire ferrules preventing wire splaying in spring-clamp and screw-cage terminal blocks.","French and German DIN color-coded insulated single wire ferrules preventing wire splaying in spring-clamp and screw-cage terminal blocks. Highlights: Single wire entry formats in full DIN color code; Halogen-free polypropylene insulation collar; Tinned electrolytic copper sleeve.",,,,taxable,,1,100,,0,0,,,,,1,,,,,"Electronics Components > Zolex — Crimp Terminals","Zolex, Electronics Components, Industrial Automation, Power & Energy, Consumer Electronics",,,,,,,,https://zolex.in/product/insulated-end-sleeve/,"View on Zolex",0,,Zolex
29,external,ZOLEX-TWIN-FERRULE,,"Twin-Wire Dual Entry Bootlace Ferrules",1,0,visible,"Specialized dual-entry insulated cord end sleeves designed to crimp two individual conductors together into a single terminal cage connection.","Specialized dual-entry insulated cord end sleeves designed to crimp two individual conductors together into a single terminal cage connection. Highlights: Funneled dual wire entry collar; Enables clean looping between terminal blocks; DIN 46228 Part 4 compliant.",,,,taxable,,1,100,,0,0,,,,,1,,,,,"Electronics Components > Zolex — Crimp Terminals","Zolex, Electronics Components, Industrial Automation, Power & Energy",,,,,,,,https://zolex.in/product/insulated-end-sleeve/,"View on Zolex",0,,Zolex
30,external,ZOLEX-LUG-BIMETAL,,"Bimetallic Lugs (Al/Cu Friction Welded)",1,1,visible,"High-conductivity pure copper palm friction-welded to an EC-grade aluminium barrel with neutral barrier joint grease to eliminate galvanic corrosion.","High-conductivity pure copper palm friction-welded to an EC-grade aluminium barrel with neutral barrier joint grease to eliminate galvanic corrosion. Highlights: Metallurgical friction welding for zero galvanic corrosion; Factory pre-filled with neutral anti-oxidant grease; Capped barrel ends to protect contact compound.",,,,taxable,,1,100,,0,0,,,,,1,,,,,"Electronics Components > Zolex — Aluminium & Bimetallic","Zolex, Electronics Components, Power & Energy, Railways, EV Charging",,,,,,,,https://zolex.in/product/bimetallic-crimping-lugs-al-cu-2/,"View on Zolex",0,,Zolex
31,external,ZOLEX-LUG-AL-01,,"Aluminium Tube Crimping Lugs",1,0,visible,"Manufactured from pure aluminium tube (99.5% purity) for distribution cables and renewable energy power feeds.","Manufactured from pure aluminium tube (99.5% purity) for distribution cables and renewable energy power feeds. Highlights: 99.5% high-purity aluminium; Pre-filled with contact compound option; Conforms to IS and DIN standards.",,,,taxable,,1,100,,0,0,,,,,1,,,,,"Electronics Components > Zolex — Aluminium & Bimetallic","Zolex, Electronics Components, Power & Energy, Railways",,,,,,,,https://zolex.in/product/aluminium-tube-crimping-lugs-one-hole/,"View on Zolex",0,,Zolex
32,external,ZOLEX-LINK-BIMETAL,,"Bimetallic In-Line Reducing Splice Links",1,0,visible,"Friction-welded bimetallic transition connectors for direct inline butt-jointing of dissimilar aluminium and copper conductors.","Friction-welded bimetallic transition connectors for direct inline butt-jointing of dissimilar aluminium and copper conductors. Highlights: Direct Al-to-Cu jointing with zero galvanic reaction; Internal barrier ensures separate conductor seating; Pre-greased aluminium barrel with plastic end seal.",,,,taxable,,1,100,,0,0,,,,,1,,,,,"Electronics Components > Zolex — Aluminium & Bimetallic","Zolex, Electronics Components, Power & Energy, Industrial Automation",,,,,,,,https://zolex.in/product/bimetallic-crimping-reducing-links-al-cu/,"View on Zolex",0,,Zolex
33,external,ZOLEX-LINK-AL,,"Aluminium Through Connectors (In-Line Links)",1,0,visible,"Solid drawn EC-grade aluminium inline ferrules with internal wire stops for splicing overhead and underground aluminium power feeders.","Solid drawn EC-grade aluminium inline ferrules with internal wire stops for splicing overhead and underground aluminium power feeders. Highlights: 99.5% electrolytic grade aluminium tube; Center wire stop for equal wire entry; Compatible with standard hexagonal crimp dies.",,,,taxable,,1,100,,0,0,,,,,1,,,,,"Electronics Components > Zolex — Aluminium & Bimetallic","Zolex, Electronics Components, Power & Energy, Railways",,,,,,,,https://zolex.in/product/aluminium-tube-crimping-lugs-one-hole/,"View on Zolex",0,,Zolex
34,external,ZOLEX-TIE-SS316,,"Roller Ball Lock Stainless Steel Cable Ties",1,0,visible,"Grade 304 and 316 stainless steel roller ball self-locking cable ties, uncoated, for extreme temperature, harsh outdoor, marine, and defense environments.","Grade 304 and 316 stainless steel roller ball self-locking cable ties, uncoated, for extreme temperature, harsh outdoor, marine, and defense environments. Highlights: Self-locking internal ball mechanism; Extreme temperature resistance (-80°C to +538°C); High tensile loop strength up to 250 lbs.",,,,taxable,,1,100,,0,0,,,,,1,,,,,"Electronics Components > Zolex — SS Cable Ties","Zolex, Electronics Components, Defense, Power & Energy, Telecommunications, Railways",,,,,,,,https://zolex.in/product/roller-ball-lock-type-steel-cable-ties-coated/,"View on Zolex",0,,Zolex
35,external,ZOLEX-TIE-SS-COAT,,"Polyester Coated Marine Grade SS Cable Ties",1,0,visible,"Pure 316 SS ties with smooth black polyester coating providing edge protection for fragile cable jackets, marine rigs, and offshore solar farms.","Pure 316 SS ties with smooth black polyester coating providing edge protection for fragile cable jackets, marine rigs, and offshore solar farms. Highlights: Black polyester coating prevents cable sheath abrasion; Superior salt spray and UV corrosion resistance; Halogen-free and flame retardant coating.",,,,taxable,,1,100,,0,0,,,,,1,,,,,"Electronics Components > Zolex — SS Cable Ties","Zolex, Electronics Components, Defense, Power & Energy, Telecommunications",,,,,,,,https://zolex.in/product/roller-ball-lock-type-steel-cable-ties-coated-2/,"View on Zolex",0,,Zolex
36,external,ZOLEX-TIE-LADDER,,"Ladder Type Stainless Steel Cable Ties",1,0,visible,"Multi-slot ladder type stainless steel cable ties offering high flexibility and positive buckle locking for heavy cable bundles and shipboard wiring.","Multi-slot ladder type stainless steel cable ties offering high flexibility and positive buckle locking for heavy cable bundles and shipboard wiring. Highlights: Ladder rung design allows easy visual tensioning; High mechanical holding force; Coated and uncoated 316 stainless steel options.",,,,taxable,,1,100,,0,0,,,,,1,,,,,"Electronics Components > Zolex — SS Cable Ties","Zolex, Electronics Components, Defense, Power & Energy, Railways",,,,,,,,https://zolex.in/product/ladder-type-steel-cable-ties/",View on Zolex",0,,Zolex
37,external,ZOLEX-TAG-MARKER,,"Stainless Steel Embossed Cable Marker Tags & Carrier Strips",1,0,visible,"Grade 316 stainless steel embossed asset marker plates and carrier strips for permanent, fireproof cable and conduit identification.","Grade 316 stainless steel embossed asset marker plates and carrier strips for permanent, fireproof cable and conduit identification. Highlights: Acid, salt spray, and fire-resistant marking; Custom embossed alphanumeric characters; Secured via standard stainless steel cable ties.",,,,taxable,,1,100,,0,0,,,,,1,,,,,"Electronics Components > Zolex — SS Cable Ties","Zolex, Electronics Components, Power & Energy, Telecommunications, Railways, Defense",,,,,,,,https://zolex.in/product/cable-marker-tags-carrier-strips/,"View on Zolex",0,,Zolex
38,external,ZOLEX-TOOL-TIEGUN,,"Automatic SS Cable Tie Tensioning & Flush-Cut Gun",1,0,visible,"Heavy-duty ergonomic steel tie tensioning gun that automatically cuts ties flush to prevent sharp exposed edges with adjustable preset tension.","Heavy-duty ergonomic steel tie tensioning gun that automatically cuts ties flush to prevent sharp exposed edges with adjustable preset tension. Highlights: Adjustable calibrated tension dial; Automatic clean flush cut-off mechanism; Ergonomic rubberized grip reduces hand fatigue.",,,,taxable,,1,100,,0,0,,,,,1,,,,,"Electronics Components > Zolex — SS Cable Ties","Zolex, Electronics Components, Industrial Automation, Power & Energy, Telecommunications",,,,,,,,https://zolex.in/product/cable-tie-tensioning-cutting-automatic-gun/,"View on Zolex",0,,Zolex
39,external,ZOLEX-GLAND-FLAME,,"Double Compression Flameproof Cable Glands (Ex d / Ex e)",1,0,visible,"Zolex heavy-duty brass double compression flameproof (Ex d / Ex e) cable glands for armoured cables in hazardous industrial gas and dust environments.","Zolex heavy-duty brass double compression flameproof (Ex d / Ex e) cable glands for armoured cables in hazardous industrial gas and dust environments. Highlights: Ex d / Ex e Zone 1 & Zone 2 ATEX / IECEx certified; IP66 / IP67 / IP68 submersible ingress sealing; Earth continuity and mechanical cable armour retention.",,,,taxable,,1,100,,0,0,,,,,1,,,,,"Electronics Components > Zolex — Cable Glands","Zolex, Electronics Components, Power & Energy, Industrial Automation, Defense",,,,,,,,https://zolex.in/product/double-compression-flameproof-cable-gland/,"View on Zolex",0,,Zolex
40,external,ZOLEX-GLAND-BW,,"Single Compression Industrial Brass Cable Glands (BW / CW)",1,0,visible,"Standard single compression glands with clamping rings for SWA (steel wire armoured) cables in dry indoor and weatherproof outdoor environments.","Standard single compression glands with clamping rings for SWA (steel wire armoured) cables in dry indoor and weatherproof outdoor environments. Highlights: BS 6121 Part 1 certified manufacturing; Solid brass CZ121 construction; Earth continuity cone and clamping ring.",,,,taxable,,1,100,,0,0,,,,,1,,,,,"Electronics Components > Zolex — Cable Glands","Zolex, Electronics Components, Power & Energy, Industrial Automation",,,,,,,,https://zolex.in/product/bw-industrial-cable-gland/,"View on Zolex",0,,Zolex
41,external,ZOLEX-GLAND-IP68,,"IP68 Polyamide Nylon & Nickel-Plated Brass Glands",1,0,visible,"High-grade polyamide nylon and nickel-plated brass cable glands with neoprene sealing ring and integrated strain relief for control panels and solar inverters.","High-grade polyamide nylon and nickel-plated brass cable glands with neoprene sealing ring and integrated strain relief for control panels and solar inverters. Highlights: IP68 submersible waterproof rating; Integrated strain relief claw; Complete with locknut and washer.",,,,taxable,,1,100,,0,0,,,,,1,,,,,"Electronics Components > Zolex — Cable Glands","Zolex, Electronics Components, Industrial Automation, EV Charging, Power & Energy",,,,,,,,https://zolex.in/product/ip68-cable-gland/,"View on Zolex",0,,Zolex
42,external,ZOLEX-GLAND-SHROUD,,"PVC Gland Shrouds, Earth Tags & Reducers",1,0,visible,"Complete cable gland installation accessories including dip-molded fire retardant PVC shrouds, nickel-plated earth continuity tags, locknuts, and thread converters.","Complete cable gland installation accessories including dip-molded fire retardant PVC shrouds, nickel-plated earth continuity tags, locknuts, and thread converters. Highlights: Flame-retardant UV-resistant PVC dip-molded shrouds; High-conductivity brass earth tags for bonding; Metric to PG and NPT thread adapters and stop plugs.",,,,taxable,,1,100,,0,0,,,,,1,,,,,"Electronics Components > Zolex — Cable Glands","Zolex, Electronics Components, Power & Energy, Industrial Automation",,,,,,,,https://zolex.in/product/pvc-shroud/,"View on Zolex",0,,Zolex
43,external,ZOLEX-EARTH-ROD,,"Copper Bonded Steel Earth Grounding Rods",1,0,visible,"Molecularly copper bonded steel core earth grounding rods and heavy-duty clamps for sub-station, power generation, and industrial lightning protection.","Molecularly copper bonded steel core earth grounding rods and heavy-duty clamps for sub-station, power generation, and industrial lightning protection. Highlights: 99.9% electrolytic copper molecularly bonded to high-tensile steel core; UL 467 compliance with 254µm copper coating thickness; Threaded and unthreaded pointed end options for deep driving.",,,,taxable,,1,100,,0,0,,,,,1,,,,,"Electronics Components > Zolex — Earthing Accessories","Zolex, Electronics Components, Power & Energy, Telecommunications, Railways",,,,,,,,https://zolex.in/product/copper-bonded-earth-rod/,"View on Zolex",0,,Zolex
44,external,ZOLEX-SOLID-ROD,,"Solid Copper Earth Rods & Couplers",1,0,visible,"Pure solid high-conductivity electrolytic copper grounding rods and phosphor bronze internal couplers for corrosive chemical soils and sub-stations.","Pure solid high-conductivity electrolytic copper grounding rods and phosphor bronze internal couplers for corrosive chemical soils and sub-stations. Highlights: 100% solid electrolytic copper rod; Internally threaded for deep extensible driving; Phosphor bronze high-strength coupling dowels.",,,,taxable,,1,100,,0,0,,,,,1,,,,,"Electronics Components > Zolex — Earthing Accessories","Zolex, Electronics Components, Power & Energy, Telecommunications",,,,,,,,https://zolex.in/product/solid-copper-earth-rod/,"View on Zolex",0,,Zolex
45,external,ZOLEX-EARTH-CLAMP,,"Rod-to-Cable & Rod-to-Tape Earth Clamps",1,0,visible,"High-strength naval brass and copper alloy Type G and Type A clamps providing high torque connection between earth rod and ground conductors.","High-strength naval brass and copper alloy Type G and Type A clamps providing high torque connection between earth rod and ground conductors. Highlights: High clamping torque without conductor damage; Naval brass and high copper alloy casting; U-bolt, C-connector, and flat tape clamp variations available.",,,,taxable,,1,100,,0,0,,,,,1,,,,,"Electronics Components > Zolex — Earthing Accessories","Zolex, Electronics Components, Power & Energy, Telecommunications, Railways",,,,,,,,https://zolex.in/product/rod-to-cable-clamp-type-g/,"View on Zolex",0,,Zolex
46,external,QT-HARN-OEM-01,,"Multi-Branch Custom Wire Harness Assembly",1,1,visible,"Precision point-to-point engineered wire harness with multiple branches, braided nylon sleeving, heat-shrink strain relief and 100% automated continuity testing.","Precision point-to-point engineered wire harness with multiple branches, braided nylon sleeving, heat-shrink strain relief and 100% automated continuity testing. Highlights: Custom routing and branch breakouts for exact OEM chassis fit; Automated cut, strip, crimp and digital pull-force testing; Custom laser-printed heat-shrink wire identification sleeves.",,,,taxable,,1,100,,0,0,,,,,1,,,,,"Cable Assemblies > Custom Wire Harnesses","Qualitech, Cable Assemblies, Defense, Railways, Telecommunications, EV Charging",,,,,,,,https://qualitechindia.in/#contact-page,"Enquire Now",0,,Qualitech
47,external,QT-CA-FRC-26,,"Shielded Flat Ribbon Cable Assembly",1,0,visible,"Custom length flat ribbon cable terminated with IDC sockets, aluminum foil shielding, and drain wire for noise-immune high-speed internal bus links.","Custom length flat ribbon cable terminated with IDC sockets, aluminum foil shielding, and drain wire for noise-immune high-speed internal bus links. Highlights: High flexibility stranded tinned copper conductors; Optional aluminum Mylar foil wrap with PVC outer sleeve; 100% pin-out verified.",,,,taxable,,1,100,,0,0,,,,,1,,,,,"Cable Assemblies > Ribbon Cable Assemblies","Qualitech, Cable Assemblies, Telecommunications, Industrial Automation, Consumer Electronics",,,,,,,,https://qualitechindia.in/#contact-page,"Enquire Now",0,,Qualitech
48,external,QT-RF-CABLE-01,,"Low-Loss Coaxial RF Cable Assembly",1,1,visible,"Precision 50-ohm RF coaxial cable assemblies with tested VSWR performance, custom lengths and connector configurations.","Precision 50-ohm RF coaxial cable assemblies with tested VSWR performance, custom lengths and connector configurations. Highlights: Multiple connector options (SMA, BNC, N-Type, TNC); Low-loss and ultra-flexible cable types; Factory tested to tight VSWR specifications.",,,,taxable,,1,100,,0,0,,,,,1,,,,,"Cable Assemblies > RF Cable Assemblies","Qualitech, Cable Assemblies, Telecommunications, Defense, Automotive",,,,,,,,https://qualitechindia.in/#contact-page,"Enquire Now",0,,Qualitech
49,external,QT-PWR-HARNESS,,"High-Current DC Power Cable Assembly",1,0,visible,"Heavy-duty flexible power cable assembly with hydraulic-crimped terminals for battery packs, solar inverters and EV charging stations.","Heavy-duty flexible power cable assembly with hydraulic-crimped terminals for battery packs, solar inverters and EV charging stations. Highlights: Ultra-flexible annealed stranded copper; Flame-retardant, oil and acid resistant jacket; High continuous current capacity.",,,,taxable,,1,100,,0,0,,,,,1,,,,,"Cable Assemblies > Power Cable Assemblies","Qualitech, Cable Assemblies, Power & Energy, EV Charging, Railways",,,,,,,,https://qualitechindia.in/#contact-page,"Enquire Now",0,,Qualitech
50,external,QT-MIL-HARN-01,,"Ruggedized Defense Grade Cable Harness",1,1,visible,"Hermetically sealed military cable assembly with stainless steel backshells, tin-plated copper overbraid shielding for harsh environments.","Hermetically sealed military cable assembly with stainless steel backshells, tin-plated copper overbraid shielding for harsh environments. Highlights: 100% EMI/EMP shielding with tinned braid; Chemical, fuel and salt spray resistant jacket; IPC/WHMA-A-620 Class 3 certified.",,,,taxable,,1,100,,0,0,,,,,1,,,,,"Cable Assemblies > Defense Cable Assemblies","Qualitech, Cable Assemblies, Defense, Railways, Telecommunications",,,,,,,,https://qualitechindia.in/#contact-page,"Enquire Now",0,,Qualitech
51,external,QT-SOL-OEM-FULL,,"Turnkey OEM Connectivity Solution",1,1,visible,"Complete design-in support, BOM rationalization, custom harness routing optimization and 100% electrical continuity & hipot testing.","Complete design-in support, BOM rationalization, custom harness routing optimization and 100% electrical continuity & hipot testing. Highlights: Comprehensive DFM review; Component substitution & cost optimization; Full batch inspection reports with serialized labels; Prototype to volume production.",,,,taxable,,1,100,,0,0,,,,,1,,,,,"Cable Assemblies > Custom Wire Harnesses","Qualitech, Cable Assemblies, Defense, Railways, Telecommunications, Power & Energy, Automotive",,,,,,,,https://qualitechindia.in/#contact-page,"Enquire Now",0,,Qualitech
